ID,First Name,Last Name,Email,Department,Desgination,Contact Number,Stipend,Stipend Currency,Joining Date
2,Steve,Vozniak,steve@mailinator.co,React Developer,senior developer,+918352448613,15000.00,INR,2020-12-03
3,Eva,Green,eva@mailinator.com,Flutter Development,trainee,+911122334455,15000.00,INR,2020-12-03
4,Gina,Karano,gina@mailinator.com,Angular Development,team lead,+912322335512,15000.00,INR,2020-12-03
5,John,Doe,john@mailinator.com,Python Developer,junior developer,+911167151597,15000.00,INR,2020-12-03
6,Madhav,Babar,madhav@mailinator.com,Flutter Development,senior developer,+916587564325,15000.00,INR,2020-12-03
7,Nany,Clinton,nany@mailinator.com,Java Development,junior developer,+917865349856,6500.00,INR,2020-12-03
8,Robert,Doe,robert@mailinator.com,Java Development,junior developer,+917865349777,9000.00,INR,2020-12-03
9,Tom,Christie,tom@mailinator.com,Java Development,senior developer,+917830826215,18000.00,INR,2020-12-03
10,William,Bisop,william@mailinator.com,Flutter Development,trainee,+917862233221,25000.00,INR,2020-12-03
11,Demo,One,demoone@mailinator.com,Java Development,senior developer,+919922651245,20000.00,INR,2020-12-03
12,Demo,two,demotwo@mailinator.com,Java Development,junior developer,+917887586531,15000.00,INR,2020-12-03
13,Demo,Three,demothree@mailinator.com,Java Development,senior developer,+913845702937,20000.00,INR,2020-12-03
14,Demo,Four,demofour@mailinator.com,Flutter Development,senior developer,+916784687512,22000.00,INR,2020-12-03
15,Demo,Five,demofive@mailinator.com,Flutter Development,trainee,+916784687514,10000.00,INR,2020-12-03
